{"learning_rate": 0.04155031935396683, "num_leaves": 161, "max_depth": 11, "min_child_samples": 29, "subsample": 0.7988687134942849, "colsample_bytree": 0.8269827786734565, "reg_alpha": 3.70370332533549, "reg_lambda": 5.746938012680771}